{
  "info": {
    "name": "ClinicFirst API",
    "schema": "https://schema.getpostman.com/json/collection/v2.1.0/collection.json"
  },
  "item": [
    {
      "name": "Signup",
      "request": {
        "method": "POST",
        "header": [
          {
            "key": "Content-Type",
            "value": "application/json"
          }
        ],
        "body": {
          "mode": "raw",
          "raw": "{\"name\": \"Admin\", \"email\": \"admin@clickaarambh.com\", \"password\": \"Admin@123\"}"
        },
        "url": {
          "raw": "http://localhost:5000/api/auth/signup"
        }
      }
    },
    {
      "name": "Login",
      "request": {
        "method": "POST",
        "header": [
          {
            "key": "Content-Type",
            "value": "application/json"
          }
        ],
        "body": {
          "mode": "raw",
          "raw": "{\"email\": \"admin@clickaarambh.com\", \"password\": \"Admin@123\"}"
        },
        "url": {
          "raw": "http://localhost:5000/api/auth/login"
        }
      }
    },
    {
      "name": "Me",
      "request": {
        "method": "GET",
        "url": {
          "raw": "http://localhost:5000/api/auth/me"
        }
      }
    }
  ]
}